track_id,track_name,artist_name,played_at,duration_ms,popularity
6vvgZ1kNlBg10FHDo27fxk,Mehr Blau als Sonnenlicht,ALIVEMAEX,2025-09-29T00:15:04.865Z,295756,21
48i055G1OT5KxGGftwFxWy,"Oh, Pretty Woman",Roy Orbison,2025-09-28T17:12:37.097Z,178933,76
63T7DJ1AFDD6Bn8VzG6JE8,"Paint It, Black",The Rolling Stones,2025-09-28T17:09:40.108Z,202266,82
52ikpG7wqDrqAkocLVJjrx,Echoes,"Hard Target, Clouds, Tommy Holohan",2025-09-28T17:05:51.543Z,361306,32
5jmqf0BMOKEcC8pMC2OiGo,Клоуны,t.A.T.u.,2025-09-28T16:59:51.866Z,210232,35
7pDI2bx4HABLftXYtjlFGS,Нас не догонят,t.A.T.u.,2025-09-28T16:56:25.303Z,276000,50
2TYJ9tNQ2qlpo0Bm7qhaNi,Робот,t.A.T.u.,2025-09-28T16:51:50.903Z,231186,42
6i7EW5BMY2KYC4IG1t8MVV,Sleep,EFESIAN,2025-09-28T16:46:09.058Z,218630,38
5ybhzc1JrHibxZCqh67DMu,3.5 Mins Of Acid,KI/KI,2025-09-28T16:42:30.427Z,211862,44
2nWw7VrUn8Ijo45K6WIIna,Vielleicht Vielleicht - Holy Priest & elMefti Remix,"MilleniumKid, JBS, Holy Priest, elMefti",2025-09-28T16:39:01.025Z,169818,76
4oodd2Z1U6Xg5tWMiUb3DN,Unendlichkeit (Remix),"MilleniumKid, JBS, The Boy The G",2025-09-28T16:36:22.238Z,172764,70
7oncLeIzUPgJf4a6jm1c3e,THIS FEELING,"DJ Anemia, crier, sixnite",2025-09-28T16:33:29.172Z,122482,66
4AiARWw7SPRbjBpaSLBgGK,Purple Reflexe,Pavel K. Novalis,2025-09-28T16:31:22.638Z,370000,6
1HJYelMqIP4xckJTBMv5BE,Until Next Moon,ROÜGE,2025-09-28T16:22:29.888Z,291428,11
6vvgZ1kNlBg10FHDo27fxk,Mehr Blau als Sonnenlicht,ALIVEMAEX,2025-09-28T16:17:40.899Z,295756,21
3qUZkvb23vRuSf57IU58jo,Nebula,Ilija Djokovic,2025-09-27T21:13:29.610Z,386205,7
2scX5RdL0wByroF3sCBzDX,Shelter,"Innellea, Monolink, CamelPhat",2025-09-27T21:07:05.394Z,254032,44
5nyrx0mDFuSEVeS2xKJSUB,Trendy,Miguel Campbell,2025-09-27T21:02:53.139Z,233899,3
2MMqSXnRLus2ehtZufitUu,One Thing - Nora en Pure Radio Mix,Me & My Toothbrush,2025-09-27T20:59:17.845Z,212809,30
0SHi65yv4HKYz3Hyleyid8,The Space In Between,Jan Blomqvist,2025-09-27T20:55:31.101Z,206004,23
02WYronjNNCqLKuvuBcu3d,Skywalking,Mathame,2025-09-27T20:52:07.273Z,374721,49
5oqwmMJ6EtejPzHpvCHGdm,Brigada,"Barbara Boeing, Phil Mill",2025-09-27T20:45:54.889Z,323025,22
7vlL1ied7PzzE8tLGBfEEM,Man on the Moon (Bonus Track) - Miguel Campbell Remix,"Klangkuenstler, Alice Phoebe Lou, Miguel Campbell",2025-09-27T20:40:34.159Z,348520,43
1HLn3hITdl2Zo33y0v6mf3,Drop It - Charlotte de Witte Rework,"Scoop, Charlotte de Witte",2025-09-27T20:22:42.565Z,343536,51
6p2sh70Zowkw47cG0TkXg0,Phonky Tribu - FUNK TRIBU SPECIAL MIX,Funk Tribu,2025-09-27T19:40:28.934Z,186095,51
3SHqcu0jDd1ou4StcHeU4p,Muffle,DEFLEE,2025-09-27T19:37:32.668Z,307566,23
2PSjplBcb9xHYgZdTurg88,Queen Of Swords,Desirée Falessi,2025-09-27T19:31:41.148Z,401773,10
11XXS0DhIQJp2wlgoFiBIM,Show Me The Sky,"Tommy Holohan, Megra",2025-09-27T19:25:07.151Z,304000,44
52ikpG7wqDrqAkocLVJjrx,Echoes,"Hard Target, Clouds, Tommy Holohan",2025-09-27T19:19:58.177Z,361306,32
5jmqf0BMOKEcC8pMC2OiGo,Клоуны,t.A.T.u.,2025-09-27T19:13:59.321Z,210232,35
7pDI2bx4HABLftXYtjlFGS,Нас не догонят,t.A.T.u.,2025-09-27T19:10:33.978Z,276000,50
2TYJ9tNQ2qlpo0Bm7qhaNi,Робот,t.A.T.u.,2025-09-27T19:05:58.127Z,231186,42
6RzYZKKMXP0GkKBsPqBXHY,Mazda Fever,Dica,2025-09-27T18:55:38.734Z,364612,15
6i7EW5BMY2KYC4IG1t8MVV,Sleep,EFESIAN,2025-09-27T12:35:58.061Z,218630,38
2nWw7VrUn8Ijo45K6WIIna,Vielleicht Vielleicht - Holy Priest & elMefti Remix,"MilleniumKid, JBS, Holy Priest, elMefti",2025-09-27T12:29:36.202Z,169818,76
4oodd2Z1U6Xg5tWMiUb3DN,Unendlichkeit (Remix),"MilleniumKid, JBS, The Boy The G",2025-09-27T12:26:48.255Z,172764,70
7oncLeIzUPgJf4a6jm1c3e,THIS FEELING,"DJ Anemia, crier, sixnite",2025-09-27T12:23:58.351Z,122482,66
4AiARWw7SPRbjBpaSLBgGK,Purple Reflexe,Pavel K. Novalis,2025-09-27T12:21:58.848Z,370000,6
1HJYelMqIP4xckJTBMv5BE,Until Next Moon,ROÜGE,2025-09-27T12:16:01.819Z,291428,11
6vvgZ1kNlBg10FHDo27fxk,Mehr Blau als Sonnenlicht,ALIVEMAEX,2025-09-27T12:11:01.420Z,295756,21
5r5cp9IpziiIsR6b93vcnQ,Walking On A Dream,Empire Of The Sun,2025-09-27T12:03:29.436Z,198440,84
3f2PD4beJjCIaV4wKsTfqa,We Trip And Roll - (JKS Remix) [Mixed],"Lucinee, JKS",2025-09-26T15:43:50.937Z,272344,13
6vvgZ1kNlBg10FHDo27fxk,Mehr Blau als Sonnenlicht,ALIVEMAEX,2025-09-26T01:44:35.812Z,295756,21
74jTexO94dFGyXGyeu8krd,Beautiful Life,Ace of Base,2025-09-25T22:13:44.022Z,221186,68
2rTYgHxgcndkUrRoU7x0Sv,Mr. Vain,Culture Beat,2025-09-25T22:11:11.421Z,336840,68
4TOGkYS141L15SkVosAp7Z,It's My Life,Dr. Alban,2025-09-25T20:59:09.404Z,239933,73
3pEuO9J2MTEmec8kUfYYvl,Another Night,Real McCoy,2025-09-25T20:54:39.378Z,236933,63
4TOGkYS141L15SkVosAp7Z,It's My Life,Dr. Alban,2025-09-25T20:30:24.986Z,239933,73
4zVW72cpTOZZ8v7c0caayk,Pyro,"Mike Williams, Blinders",2025-09-25T02:31:09.143Z,147272,40
21kPwrdkfoolgxjiRQeGiH,Forbidden Voices,"Odymel, Funk Tribu",2025-09-25T02:27:46.364Z,200166,56
